"customer_id","first_name","last_name","email","phone","registration_date","customer_type","credit_score"
1,"User1","Test1","user1@example.com","555-01001","2022-04-10","Individual",509
2,"User2","Test2","user2@example.com","555-01002","2021-08-29","Premium",556
3,"User3","Test3","user3@example.com","555-01003","2020-09-12","Premium",683
4,"User4","Test4","user4@example.com","555-01004","2022-07-14","Business",536
5,"User5","Test5","user5@example.com","555-01005","2022-03-29","Premium",577
6,"User6","Test6","user6@example.com","555-01006","2020-12-18","Individual",569
7,"User7","Test7","user7@example.com","555-01007","2021-11-24","Individual",828
8,"User8","Test8","user8@example.com","555-01008","2020-07-14","Premium",811
9,"User9","Test9","user9@example.com","555-01009","2020-05-02","Individual",718
10,"User10","Test10","user10@example.com","555-01010","2020-05-15","Premium",697
11,"User11","Test11","user11@example.com","555-01011","2020-02-09","Individual",797
12,"User12","Test12","user12@example.com","555-01012","2020-11-24","Premium",817
13,"User13","Test13","user13@example.com","555-01013","2020-11-02","Individual",831
14,"User14","Test14","user14@example.com","555-01014","2020-06-02","Business",713
15,"User15","Test15","user15@example.com","555-01015","2022-06-05","Business",533
16,"User16","Test16","user16@example.com","555-01016","2020-07-29","Premium",636
17,"User17","Test17","user17@example.com","555-01017","2021-10-13","Individual",548
18,"User18","Test18","user18@example.com","555-01018","2021-11-07","Individual",745
19,"User19","Test19","user19@example.com","555-01019","2022-04-15","Business",637
20,"User20","Test20","user20@example.com","555-01020","2021-10-17","Premium",520
21,"User21","Test21","user21@example.com","555-01021","2022-05-29","Premium",593
22,"User22","Test22","user22@example.com","555-01022","2021-02-09","Individual",606
23,"User23","Test23","user23@example.com","555-01023","2022-12-21","Individual",785
24,"User24","Test24","user24@example.com","555-01024","2020-06-28","Business",731
25,"User25","Test25","user25@example.com","555-01025","2022-12-16","Business",706
26,"User26","Test26","user26@example.com","555-01026","2021-06-18","Business",556
27,"User27","Test27","user27@example.com","555-01027","2021-12-17","Individual",780
28,"User28","Test28","user28@example.com","555-01028","2020-09-01","Business",848
29,"User29","Test29","user29@example.com","555-01029","2022-03-16","Premium",649
30,"User30","Test30","user30@example.com","555-01030","2021-07-27","Business",773
31,"User31","Test31","user31@example.com","555-01031","2020-08-25","Individual",515
32,"User32","Test32","user32@example.com","555-01032","2022-07-22","Premium",803
33,"User33","Test33","user33@example.com","555-01033","2020-04-09","Individual",767
34,"User34","Test34","user34@example.com","555-01034","2021-11-06","Individual",556
35,"User35","Test35","user35@example.com","555-01035","2021-01-30","Premium",744
36,"User36","Test36","user36@example.com","555-01036","2020-09-04","Business",625
37,"User37","Test37","user37@example.com","555-01037","2021-12-04","Premium",578
38,"User38","Test38","user38@example.com","555-01038","2021-08-14","Premium",509
39,"User39","Test39","user39@example.com","555-01039","2020-02-12","Premium",691
40,"User40","Test40","user40@example.com","555-01040","2021-12-19","Premium",569
41,"User41","Test41","user41@example.com","555-01041","2020-02-12","Premium",729
42,"User42","Test42","user42@example.com","555-01042","2021-04-26","Individual",809
43,"User43","Test43","user43@example.com","555-01043","2022-04-25","Business",837
44,"User44","Test44","user44@example.com","555-01044","2021-02-22","Premium",767
45,"User45","Test45","user45@example.com","555-01045","2020-01-12","Premium",760
46,"User46","Test46","user46@example.com","555-01046","2021-05-23","Business",670
47,"User47","Test47","user47@example.com","555-01047","2022-12-04","Individual",700
48,"User48","Test48","user48@example.com","555-01048","2020-07-09","Individual",738
49,"User49","Test49","user49@example.com","555-01049","2022-01-09","Business",557
50,"User50","Test50","user50@example.com","555-01050","2021-11-08","Business",550
51,"User51","Test51","user51@example.com","555-01051","2022-04-27","Premium",580
52,"User52","Test52","user52@example.com","555-01052","2021-08-28","Individual",709
53,"User53","Test53","user53@example.com","555-01053","2021-02-16","Business",752
54,"User54","Test54","user54@example.com","555-01054","2022-02-14","Business",799
55,"User55","Test55","user55@example.com","555-01055","2020-06-01","Individual",551
56,"User56","Test56","user56@example.com","555-01056","2020-12-02","Business",715
57,"User57","Test57","user57@example.com","555-01057","2022-03-21","Premium",709
58,"User58","Test58","user58@example.com","555-01058","2022-03-06","Individual",746
59,"User59","Test59","user59@example.com","555-01059","2020-02-16","Individual",620
60,"User60","Test60","user60@example.com","555-01060","2021-06-06","Business",592
61,"User61","Test61","user61@example.com","555-01061","2022-11-09","Individual",703
62,"User62","Test62","user62@example.com","555-01062","2021-08-03","Premium",814
63,"User63","Test63","user63@example.com","555-01063","2021-03-21","Business",828
64,"User64","Test64","user64@example.com","555-01064","2022-02-06","Business",756
65,"User65","Test65","user65@example.com","555-01065","2021-10-22","Premium",600
66,"User66","Test66","user66@example.com","555-01066","2020-11-12","Business",605
67,"User67","Test67","user67@example.com","555-01067","2020-08-01","Individual",678
68,"User68","Test68","user68@example.com","555-01068","2022-09-14","Premium",569
69,"User69","Test69","user69@example.com","555-01069","2021-03-07","Individual",579
70,"User70","Test70","user70@example.com","555-01070","2022-02-14","Business",723
71,"User71","Test71","user71@example.com","555-01071","2020-06-13","Individual",609
72,"User72","Test72","user72@example.com","555-01072","2020-11-15","Individual",544
73,"User73","Test73","user73@example.com","555-01073","2020-06-09","Business",569
74,"User74","Test74","user74@example.com","555-01074","2021-08-04","Premium",713
75,"User75","Test75","user75@example.com","555-01075","2022-03-12","Premium",708
76,"User76","Test76","user76@example.com","555-01076","2021-10-15","Business",688
77,"User77","Test77","user77@example.com","555-01077","2020-05-19","Premium",740
78,"User78","Test78","user78@example.com","555-01078","2021-02-01","Premium",521
79,"User79","Test79","user79@example.com","555-01079","2020-10-20","Premium",654
80,"User80","Test80","user80@example.com","555-01080","2022-03-30","Individual",720
81,"User81","Test81","user81@example.com","555-01081","2022-08-28","Premium",718
82,"User82","Test82","user82@example.com","555-01082","2020-06-30","Individual",565
83,"User83","Test83","user83@example.com","555-01083","2021-07-18","Premium",723
84,"User84","Test84","user84@example.com","555-01084","2021-03-16","Business",633
85,"User85","Test85","user85@example.com","555-01085","2021-06-18","Individual",849
86,"User86","Test86","user86@example.com","555-01086","2021-03-07","Individual",656
87,"User87","Test87","user87@example.com","555-01087","2020-07-25","Business",593
88,"User88","Test88","user88@example.com","555-01088","2021-07-25","Business",733
89,"User89","Test89","user89@example.com","555-01089","2020-01-30","Premium",520
90,"User90","Test90","user90@example.com","555-01090","2022-02-02","Business",748
91,"User91","Test91","user91@example.com","555-01091","2021-08-14","Business",703
92,"User92","Test92","user92@example.com","555-01092","2022-05-06","Business",707
93,"User93","Test93","user93@example.com","555-01093","2022-02-18","Individual",596
94,"User94","Test94","user94@example.com","555-01094","2021-07-15","Individual",646
95,"User95","Test95","user95@example.com","555-01095","2020-09-14","Premium",696
96,"User96","Test96","user96@example.com","555-01096","2022-12-22","Premium",811
97,"User97","Test97","user97@example.com","555-01097","2022-09-09","Individual",525
98,"User98","Test98","user98@example.com","555-01098","2022-09-19","Individual",567
99,"User99","Test99","user99@example.com","555-01099","2020-09-26","Business",577
100,"User100","Test100","user100@example.com","555-01010","2022-11-01","Premium",655
101,"User101","Test101","user101@example.com","555-01010","2020-07-03","Individual",802
102,"User102","Test102","user102@example.com","555-01010","2022-11-11","Premium",793
103,"User103","Test103","user103@example.com","555-01010","2022-02-05","Premium",608
104,"User104","Test104","user104@example.com","555-01010","2021-09-21","Premium",599
105,"User105","Test105","user105@example.com","555-01010","2020-01-25","Premium",592
106,"User106","Test106","user106@example.com","555-01010","2022-05-04","Individual",848
107,"User107","Test107","user107@example.com","555-01010","2022-06-07","Individual",729
108,"User108","Test108","user108@example.com","555-01010","2021-02-22","Individual",742
109,"User109","Test109","user109@example.com","555-01010","2021-11-01","Individual",661
110,"User110","Test110","user110@example.com","555-01011","2021-12-03","Individual",733
111,"User111","Test111","user111@example.com","555-01011","2021-08-13","Premium",538
112,"User112","Test112","user112@example.com","555-01011","2020-06-15","Premium",805
113,"User113","Test113","user113@example.com","555-01011","2021-04-10","Business",755
114,"User114","Test114","user114@example.com","555-01011","2020-01-31","Premium",561
115,"User115","Test115","user115@example.com","555-01011","2022-10-15","Individual",697
116,"User116","Test116","user116@example.com","555-01011","2022-12-24","Premium",789
117,"User117","Test117","user117@example.com","555-01011","2022-08-20","Individual",556
118,"User118","Test118","user118@example.com","555-01011","2021-01-05","Premium",804
119,"User119","Test119","user119@example.com","555-01011","2021-04-06","Business",640
120,"User120","Test120","user120@example.com","555-01012","2021-11-18","Individual",769
121,"User121","Test121","user121@example.com","555-01012","2022-06-21","Premium",640
122,"User122","Test122","user122@example.com","555-01012","2022-02-20","Individual",601
123,"User123","Test123","user123@example.com","555-01012","2020-05-30","Business",623
124,"User124","Test124","user124@example.com","555-01012","2021-09-15","Premium",754
125,"User125","Test125","user125@example.com","555-01012","2020-03-29","Premium",707
126,"User126","Test126","user126@example.com","555-01012","2020-03-02","Premium",661
127,"User127","Test127","user127@example.com","555-01012","2022-12-03","Premium",593
128,"User128","Test128","user128@example.com","555-01012","2020-01-09","Business",607
129,"User129","Test129","user129@example.com","555-01012","2020-10-08","Business",576
130,"User130","Test130","user130@example.com","555-01013","2020-01-05","Individual",661
131,"User131","Test131","user131@example.com","555-01013","2021-06-02","Premium",679
132,"User132","Test132","user132@example.com","555-01013","2020-09-13","Individual",610
133,"User133","Test133","user133@example.com","555-01013","2021-12-28","Premium",778
134,"User134","Test134","user134@example.com","555-01013","2021-10-19","Premium",651
135,"User135","Test135","user135@example.com","555-01013","2021-02-10","Premium",812
136,"User136","Test136","user136@example.com","555-01013","2021-06-13","Individual",669
137,"User137","Test137","user137@example.com","555-01013","2022-09-25","Premium",580
138,"User138","Test138","user138@example.com","555-01013","2020-05-29","Premium",677
139,"User139","Test139","user139@example.com","555-01013","2022-06-04","Individual",776
140,"User140","Test140","user140@example.com","555-01014","2021-01-01","Individual",568
141,"User141","Test141","user141@example.com","555-01014","2022-03-19","Premium",731
142,"User142","Test142","user142@example.com","555-01014","2022-09-22","Premium",539
143,"User143","Test143","user143@example.com","555-01014","2020-04-27","Individual",726
144,"User144","Test144","user144@example.com","555-01014","2022-07-13","Business",827
145,"User145","Test145","user145@example.com","555-01014","2021-01-04","Premium",545
146,"User146","Test146","user146@example.com","555-01014","2022-06-12","Premium",721
147,"User147","Test147","user147@example.com","555-01014","2021-11-26","Business",615
148,"User148","Test148","user148@example.com","555-01014","2022-02-26","Business",513
149,"User149","Test149","user149@example.com","555-01014","2021-08-04","Premium",595
150,"User150","Test150","user150@example.com","555-01015","2022-09-09","Individual",728
151,"User151","Test151","user151@example.com","555-01015","2020-12-18","Premium",845
152,"User152","Test152","user152@example.com","555-01015","2022-08-09","Individual",739
153,"User153","Test153","user153@example.com","555-01015","2020-04-13","Premium",721
154,"User154","Test154","user154@example.com","555-01015","2021-04-02","Premium",850
155,"User155","Test155","user155@example.com","555-01015","2020-01-14","Individual",767
156,"User156","Test156","user156@example.com","555-01015","2022-10-10","Business",540
157,"User157","Test157","user157@example.com","555-01015","2021-07-16","Individual",634
158,"User158","Test158","user158@example.com","555-01015","2021-09-25","Individual",557
159,"User159","Test159","user159@example.com","555-01015","2020-04-19","Business",607
160,"User160","Test160","user160@example.com","555-01016","2020-09-07","Individual",768
161,"User161","Test161","user161@example.com","555-01016","2022-04-07","Business",672
162,"User162","Test162","user162@example.com","555-01016","2020-10-06","Business",509
163,"User163","Test163","user163@example.com","555-01016","2020-08-06","Individual",537
164,"User164","Test164","user164@example.com","555-01016","2020-12-21","Individual",663
165,"User165","Test165","user165@example.com","555-01016","2022-12-10","Individual",799
166,"User166","Test166","user166@example.com","555-01016","2020-09-03","Premium",518
167,"User167","Test167","user167@example.com","555-01016","2020-10-08","Premium",701
168,"User168","Test168","user168@example.com","555-01016","2021-02-13","Premium",576
169,"User169","Test169","user169@example.com","555-01016","2022-12-05","Individual",826
170,"User170","Test170","user170@example.com","555-01017","2020-12-25","Individual",654
171,"User171","Test171","user171@example.com","555-01017","2020-08-24","Business",504
172,"User172","Test172","user172@example.com","555-01017","2020-11-28","Individual",795
173,"User173","Test173","user173@example.com","555-01017","2020-08-12","Business",501
174,"User174","Test174","user174@example.com","555-01017","2022-10-29","Premium",517
175,"User175","Test175","user175@example.com","555-01017","2022-02-24","Individual",830
176,"User176","Test176","user176@example.com","555-01017","2021-08-28","Premium",679
177,"User177","Test177","user177@example.com","555-01017","2021-09-06","Business",805
178,"User178","Test178","user178@example.com","555-01017","2021-05-21","Individual",839
179,"User179","Test179","user179@example.com","555-01017","2020-01-30","Individual",566
180,"User180","Test180","user180@example.com","555-01018","2022-04-14","Premium",584
181,"User181","Test181","user181@example.com","555-01018","2022-08-16","Individual",849
182,"User182","Test182","user182@example.com","555-01018","2020-04-18","Premium",698
183,"User183","Test183","user183@example.com","555-01018","2022-08-12","Premium",616
184,"User184","Test184","user184@example.com","555-01018","2020-09-24","Business",794
185,"User185","Test185","user185@example.com","555-01018","2021-07-25","Premium",849
186,"User186","Test186","user186@example.com","555-01018","2022-06-09","Individual",772
187,"User187","Test187","user187@example.com","555-01018","2020-02-06","Business",576
188,"User188","Test188","user188@example.com","555-01018","2020-09-03","Business",834
189,"User189","Test189","user189@example.com","555-01018","2022-10-05","Premium",549
190,"User190","Test190","user190@example.com","555-01019","2020-03-13","Premium",793
191,"User191","Test191","user191@example.com","555-01019","2022-12-13","Business",646
192,"User192","Test192","user192@example.com","555-01019","2020-08-04","Individual",592
193,"User193","Test193","user193@example.com","555-01019","2021-06-16","Business",691
194,"User194","Test194","user194@example.com","555-01019","2020-04-15","Individual",564
195,"User195","Test195","user195@example.com","555-01019","2021-08-11","Individual",623
196,"User196","Test196","user196@example.com","555-01019","2022-12-03","Individual",554
197,"User197","Test197","user197@example.com","555-01019","2020-05-24","Individual",738
198,"User198","Test198","user198@example.com","555-01019","2021-12-14","Business",789
199,"User199","Test199","user199@example.com","555-01019","2022-03-07","Business",650
200,"User200","Test200","user200@example.com","555-01020","2020-10-25","Business",542
201,"User201","Test201","user201@example.com","555-01020","2022-05-04","Premium",836
202,"User202","Test202","user202@example.com","555-01020","2022-09-22","Individual",542
203,"User203","Test203","user203@example.com","555-01020","2020-02-02","Individual",530
204,"User204","Test204","user204@example.com","555-01020","2020-01-21","Business",707
205,"User205","Test205","user205@example.com","555-01020","2021-07-04","Individual",717
206,"User206","Test206","user206@example.com","555-01020","2022-07-17","Individual",538
207,"User207","Test207","user207@example.com","555-01020","2021-10-28","Business",782
208,"User208","Test208","user208@example.com","555-01020","2021-10-30","Premium",593
209,"User209","Test209","user209@example.com","555-01020","2021-12-25","Premium",730
210,"User210","Test210","user210@example.com","555-01021","2021-06-05","Business",506
211,"User211","Test211","user211@example.com","555-01021","2020-10-14","Business",687
212,"User212","Test212","user212@example.com","555-01021","2021-09-13","Individual",571
213,"User213","Test213","user213@example.com","555-01021","2021-04-29","Business",543
214,"User214","Test214","user214@example.com","555-01021","2022-07-25","Business",563
215,"User215","Test215","user215@example.com","555-01021","2021-04-08","Premium",512
216,"User216","Test216","user216@example.com","555-01021","2020-05-13","Business",763
217,"User217","Test217","user217@example.com","555-01021","2022-09-25","Premium",738
218,"User218","Test218","user218@example.com","555-01021","2020-06-03","Premium",684
219,"User219","Test219","user219@example.com","555-01021","2020-06-22","Business",691
220,"User220","Test220","user220@example.com","555-01022","2022-01-03","Business",525
221,"User221","Test221","user221@example.com","555-01022","2022-04-20","Business",638
222,"User222","Test222","user222@example.com","555-01022","2022-11-16","Individual",731
223,"User223","Test223","user223@example.com","555-01022","2020-09-07","Premium",584
224,"User224","Test224","user224@example.com","555-01022","2021-03-17","Business",741
225,"User225","Test225","user225@example.com","555-01022","2022-02-17","Premium",659
226,"User226","Test226","user226@example.com","555-01022","2022-06-27","Business",759
227,"User227","Test227","user227@example.com","555-01022","2022-02-08","Business",837
228,"User228","Test228","user228@example.com","555-01022","2020-10-07","Individual",638
229,"User229","Test229","user229@example.com","555-01022","2022-10-09","Individual",670
230,"User230","Test230","user230@example.com","555-01023","2021-02-26","Business",711
231,"User231","Test231","user231@example.com","555-01023","2020-05-03","Individual",689
232,"User232","Test232","user232@example.com","555-01023","2021-11-30","Individual",556
233,"User233","Test233","user233@example.com","555-01023","2022-05-09","Individual",720
234,"User234","Test234","user234@example.com","555-01023","2021-05-01","Individual",745
235,"User235","Test235","user235@example.com","555-01023","2021-09-24","Individual",619
236,"User236","Test236","user236@example.com","555-01023","2020-07-05","Premium",754
237,"User237","Test237","user237@example.com","555-01023","2021-03-04","Individual",626
238,"User238","Test238","user238@example.com","555-01023","2022-05-17","Premium",828
239,"User239","Test239","user239@example.com","555-01023","2021-03-02","Premium",800
240,"User240","Test240","user240@example.com","555-01024","2022-12-02","Business",535
241,"User241","Test241","user241@example.com","555-01024","2020-01-03","Business",686
242,"User242","Test242","user242@example.com","555-01024","2020-08-28","Premium",843
243,"User243","Test243","user243@example.com","555-01024","2020-09-20","Business",647
244,"User244","Test244","user244@example.com","555-01024","2022-10-08","Business",758
245,"User245","Test245","user245@example.com","555-01024","2021-05-27","Business",663
246,"User246","Test246","user246@example.com","555-01024","2020-05-27","Premium",644
247,"User247","Test247","user247@example.com","555-01024","2020-04-07","Premium",741
248,"User248","Test248","user248@example.com","555-01024","2022-03-18","Individual",552
249,"User249","Test249","user249@example.com","555-01024","2020-02-10","Individual",661
250,"User250","Test250","user250@example.com","555-01025","2022-06-04","Premium",774
251,"User251","Test251","user251@example.com","555-01025","2020-04-30","Individual",744
252,"User252","Test252","user252@example.com","555-01025","2022-08-20","Business",620
253,"User253","Test253","user253@example.com","555-01025","2020-12-12","Premium",515
254,"User254","Test254","user254@example.com","555-01025","2022-01-16","Business",775
255,"User255","Test255","user255@example.com","555-01025","2022-08-30","Individual",579
256,"User256","Test256","user256@example.com","555-01025","2020-08-03","Business",582
257,"User257","Test257","user257@example.com","555-01025","2022-07-02","Premium",516
258,"User258","Test258","user258@example.com","555-01025","2020-03-16","Individual",594
259,"User259","Test259","user259@example.com","555-01025","2022-12-17","Individual",669
260,"User260","Test260","user260@example.com","555-01026","2021-06-18","Premium",552
261,"User261","Test261","user261@example.com","555-01026","2020-03-06","Individual",834
262,"User262","Test262","user262@example.com","555-01026","2022-06-16","Premium",804
263,"User263","Test263","user263@example.com","555-01026","2022-04-22","Premium",646
264,"User264","Test264","user264@example.com","555-01026","2020-05-28","Premium",722
265,"User265","Test265","user265@example.com","555-01026","2020-08-11","Business",506
266,"User266","Test266","user266@example.com","555-01026","2020-08-21","Business",686
267,"User267","Test267","user267@example.com","555-01026","2022-03-13","Premium",621
268,"User268","Test268","user268@example.com","555-01026","2021-05-25","Business",572
269,"User269","Test269","user269@example.com","555-01026","2022-01-04","Individual",782
270,"User270","Test270","user270@example.com","555-01027","2022-03-20","Business",640
271,"User271","Test271","user271@example.com","555-01027","2021-11-10","Premium",723
272,"User272","Test272","user272@example.com","555-01027","2022-02-23","Business",757
273,"User273","Test273","user273@example.com","555-01027","2020-03-14","Business",721
274,"User274","Test274","user274@example.com","555-01027","2022-11-11","Individual",638
275,"User275","Test275","user275@example.com","555-01027","2020-03-05","Individual",812
276,"User276","Test276","user276@example.com","555-01027","2021-04-11","Individual",731
277,"User277","Test277","user277@example.com","555-01027","2020-07-06","Business",589
278,"User278","Test278","user278@example.com","555-01027","2021-05-13","Individual",648
279,"User279","Test279","user279@example.com","555-01027","2022-05-06","Individual",734
280,"User280","Test280","user280@example.com","555-01028","2020-07-09","Premium",715
281,"User281","Test281","user281@example.com","555-01028","2020-07-20","Business",532
282,"User282","Test282","user282@example.com","555-01028","2020-03-27","Premium",831
283,"User283","Test283","user283@example.com","555-01028","2020-08-10","Premium",701
284,"User284","Test284","user284@example.com","555-01028","2021-04-23","Individual",775
285,"User285","Test285","user285@example.com","555-01028","2020-04-21","Business",558
286,"User286","Test286","user286@example.com","555-01028","2021-10-04","Individual",560
287,"User287","Test287","user287@example.com","555-01028","2020-07-15","Business",810
288,"User288","Test288","user288@example.com","555-01028","2021-09-03","Business",794
289,"User289","Test289","user289@example.com","555-01028","2021-11-08","Premium",713
290,"User290","Test290","user290@example.com","555-01029","2021-07-17","Premium",648
291,"User291","Test291","user291@example.com","555-01029","2022-09-13","Business",655
292,"User292","Test292","user292@example.com","555-01029","2020-04-28","Business",673
293,"User293","Test293","user293@example.com","555-01029","2021-06-18","Premium",737
294,"User294","Test294","user294@example.com","555-01029","2021-11-28","Premium",571
295,"User295","Test295","user295@example.com","555-01029","2022-01-12","Business",807
296,"User296","Test296","user296@example.com","555-01029","2020-02-04","Premium",772
297,"User297","Test297","user297@example.com","555-01029","2020-04-02","Premium",687
298,"User298","Test298","user298@example.com","555-01029","2021-05-04","Individual",709
299,"User299","Test299","user299@example.com","555-01029","2022-10-13","Premium",664
300,"User300","Test300","user300@example.com","555-01030","2020-10-21","Premium",840
301,"User301","Test301","user301@example.com","555-01030","2022-04-04","Premium",803
302,"User302","Test302","user302@example.com","555-01030","2021-10-18","Business",609
303,"User303","Test303","user303@example.com","555-01030","2022-04-27","Business",602
304,"User304","Test304","user304@example.com","555-01030","2020-10-16","Business",524
305,"User305","Test305","user305@example.com","555-01030","2022-10-14","Premium",580
306,"User306","Test306","user306@example.com","555-01030","2020-07-12","Individual",731
307,"User307","Test307","user307@example.com","555-01030","2022-12-21","Individual",821
308,"User308","Test308","user308@example.com","555-01030","2021-12-12","Business",700
309,"User309","Test309","user309@example.com","555-01030","2022-03-27","Individual",842
310,"User310","Test310","user310@example.com","555-01031","2020-08-09","Individual",502
311,"User311","Test311","user311@example.com","555-01031","2021-04-28","Premium",671
312,"User312","Test312","user312@example.com","555-01031","2020-05-27","Business",720
313,"User313","Test313","user313@example.com","555-01031","2020-02-05","Business",789
314,"User314","Test314","user314@example.com","555-01031","2020-12-13","Individual",508
315,"User315","Test315","user315@example.com","555-01031","2021-01-26","Business",528
316,"User316","Test316","user316@example.com","555-01031","2020-05-29","Business",760
317,"User317","Test317","user317@example.com","555-01031","2022-05-01","Individual",801
318,"User318","Test318","user318@example.com","555-01031","2020-08-02","Business",530
319,"User319","Test319","user319@example.com","555-01031","2020-11-11","Premium",649
320,"User320","Test320","user320@example.com","555-01032","2021-06-27","Premium",692
321,"User321","Test321","user321@example.com","555-01032","2020-09-19","Business",697
322,"User322","Test322","user322@example.com","555-01032","2020-06-14","Individual",641
323,"User323","Test323","user323@example.com","555-01032","2021-02-24","Premium",749
324,"User324","Test324","user324@example.com","555-01032","2021-11-20","Premium",680
325,"User325","Test325","user325@example.com","555-01032","2021-10-05","Premium",701
326,"User326","Test326","user326@example.com","555-01032","2022-03-05","Premium",695
327,"User327","Test327","user327@example.com","555-01032","2021-08-09","Individual",714
328,"User328","Test328","user328@example.com","555-01032","2020-02-23","Premium",575
329,"User329","Test329","user329@example.com","555-01032","2022-10-07","Premium",668
330,"User330","Test330","user330@example.com","555-01033","2021-09-30","Premium",592
331,"User331","Test331","user331@example.com","555-01033","2022-08-14","Premium",518
332,"User332","Test332","user332@example.com","555-01033","2022-11-15","Business",818
333,"User333","Test333","user333@example.com","555-01033","2021-07-07","Individual",699
334,"User334","Test334","user334@example.com","555-01033","2021-12-14","Individual",776
335,"User335","Test335","user335@example.com","555-01033","2022-02-27","Premium",520
336,"User336","Test336","user336@example.com","555-01033","2021-11-14","Business",664
337,"User337","Test337","user337@example.com","555-01033","2021-01-01","Premium",612
338,"User338","Test338","user338@example.com","555-01033","2022-10-21","Business",503
339,"User339","Test339","user339@example.com","555-01033","2020-05-24","Premium",807
340,"User340","Test340","user340@example.com","555-01034","2021-03-30","Individual",637
341,"User341","Test341","user341@example.com","555-01034","2020-08-21","Premium",524
342,"User342","Test342","user342@example.com","555-01034","2021-04-26","Premium",606
343,"User343","Test343","user343@example.com","555-01034","2022-03-11","Individual",500
344,"User344","Test344","user344@example.com","555-01034","2021-08-01","Premium",512
345,"User345","Test345","user345@example.com","555-01034","2022-05-28","Individual",630
346,"User346","Test346","user346@example.com","555-01034","2021-10-12","Individual",551
347,"User347","Test347","user347@example.com","555-01034","2021-12-10","Business",700
348,"User348","Test348","user348@example.com","555-01034","2020-09-08","Premium",601
349,"User349","Test349","user349@example.com","555-01034","2020-08-11","Individual",612
350,"User350","Test350","user350@example.com","555-01035","2021-12-14","Business",529
351,"User351","Test351","user351@example.com","555-01035","2021-04-17","Business",526
352,"User352","Test352","user352@example.com","555-01035","2020-01-06","Premium",840
353,"User353","Test353","user353@example.com","555-01035","2020-07-23","Business",576
354,"User354","Test354","user354@example.com","555-01035","2020-01-01","Business",712
355,"User355","Test355","user355@example.com","555-01035","2021-12-03","Business",583
356,"User356","Test356","user356@example.com","555-01035","2022-04-03","Premium",740
357,"User357","Test357","user357@example.com","555-01035","2020-01-11","Business",685
358,"User358","Test358","user358@example.com","555-01035","2020-05-17","Individual",716
359,"User359","Test359","user359@example.com","555-01035","2021-01-14","Business",662
360,"User360","Test360","user360@example.com","555-01036","2021-05-25","Business",525
361,"User361","Test361","user361@example.com","555-01036","2022-11-06","Premium",631
362,"User362","Test362","user362@example.com","555-01036","2022-12-27","Individual",770
363,"User363","Test363","user363@example.com","555-01036","2021-04-18","Individual",583
364,"User364","Test364","user364@example.com","555-01036","2021-04-08","Individual",772
365,"User365","Test365","user365@example.com","555-01036","2021-07-12","Individual",695
366,"User366","Test366","user366@example.com","555-01036","2020-09-01","Individual",813
367,"User367","Test367","user367@example.com","555-01036","2022-04-20","Individual",833
368,"User368","Test368","user368@example.com","555-01036","2021-09-27","Individual",610
369,"User369","Test369","user369@example.com","555-01036","2021-07-21","Business",841
370,"User370","Test370","user370@example.com","555-01037","2020-05-27","Premium",698
371,"User371","Test371","user371@example.com","555-01037","2022-07-23","Business",533
372,"User372","Test372","user372@example.com","555-01037","2022-01-13","Business",845
373,"User373","Test373","user373@example.com","555-01037","2020-02-19","Business",775
374,"User374","Test374","user374@example.com","555-01037","2021-10-15","Premium",585
375,"User375","Test375","user375@example.com","555-01037","2020-12-28","Business",540
376,"User376","Test376","user376@example.com","555-01037","2022-05-31","Business",631
377,"User377","Test377","user377@example.com","555-01037","2020-08-08","Premium",704
378,"User378","Test378","user378@example.com","555-01037","2020-01-01","Individual",846
379,"User379","Test379","user379@example.com","555-01037","2021-07-21","Individual",778
380,"User380","Test380","user380@example.com","555-01038","2022-07-11","Premium",562
381,"User381","Test381","user381@example.com","555-01038","2021-06-08","Individual",748
382,"User382","Test382","user382@example.com","555-01038","2022-11-05","Individual",637
383,"User383","Test383","user383@example.com","555-01038","2021-10-07","Individual",628
384,"User384","Test384","user384@example.com","555-01038","2022-09-29","Premium",747
385,"User385","Test385","user385@example.com","555-01038","2021-06-03","Business",517
386,"User386","Test386","user386@example.com","555-01038","2022-09-10","Individual",530
387,"User387","Test387","user387@example.com","555-01038","2021-09-15","Individual",643
388,"User388","Test388","user388@example.com","555-01038","2021-10-28","Individual",746
389,"User389","Test389","user389@example.com","555-01038","2021-01-19","Premium",630
390,"User390","Test390","user390@example.com","555-01039","2020-03-24","Premium",751
391,"User391","Test391","user391@example.com","555-01039","2021-07-05","Premium",803
392,"User392","Test392","user392@example.com","555-01039","2022-10-04","Individual",607
393,"User393","Test393","user393@example.com","555-01039","2021-07-04","Business",627
394,"User394","Test394","user394@example.com","555-01039","2020-12-12","Business",741
395,"User395","Test395","user395@example.com","555-01039","2021-06-01","Business",743
396,"User396","Test396","user396@example.com","555-01039","2020-12-05","Individual",772
397,"User397","Test397","user397@example.com","555-01039","2021-12-12","Business",551
398,"User398","Test398","user398@example.com","555-01039","2021-10-07","Premium",782
399,"User399","Test399","user399@example.com","555-01039","2022-01-21","Individual",597
400,"User400","Test400","user400@example.com","555-01040","2020-10-03","Premium",718
401,"User401","Test401","user401@example.com","555-01040","2021-07-11","Premium",766
402,"User402","Test402","user402@example.com","555-01040","2021-07-04","Business",806
403,"User403","Test403","user403@example.com","555-01040","2021-10-27","Individual",750
404,"User404","Test404","user404@example.com","555-01040","2021-09-16","Business",605
405,"User405","Test405","user405@example.com","555-01040","2022-08-12","Premium",623
406,"User406","Test406","user406@example.com","555-01040","2020-09-20","Individual",691
407,"User407","Test407","user407@example.com","555-01040","2020-02-25","Premium",786
408,"User408","Test408","user408@example.com","555-01040","2022-10-14","Premium",769
409,"User409","Test409","user409@example.com","555-01040","2022-06-06","Premium",790
410,"User410","Test410","user410@example.com","555-01041","2021-10-28","Business",507
411,"User411","Test411","user411@example.com","555-01041","2021-03-21","Individual",828
412,"User412","Test412","user412@example.com","555-01041","2021-11-15","Individual",707
413,"User413","Test413","user413@example.com","555-01041","2020-05-02","Premium",728
414,"User414","Test414","user414@example.com","555-01041","2021-07-18","Business",516
415,"User415","Test415","user415@example.com","555-01041","2022-04-05","Premium",770
416,"User416","Test416","user416@example.com","555-01041","2020-12-12","Business",804
417,"User417","Test417","user417@example.com","555-01041","2020-08-20","Business",612
418,"User418","Test418","user418@example.com","555-01041","2022-10-13","Individual",706
419,"User419","Test419","user419@example.com","555-01041","2021-08-07","Individual",719
420,"User420","Test420","user420@example.com","555-01042","2021-03-25","Business",665
421,"User421","Test421","user421@example.com","555-01042","2021-06-23","Premium",621
422,"User422","Test422","user422@example.com","555-01042","2020-09-13","Business",685
423,"User423","Test423","user423@example.com","555-01042","2022-02-17","Business",566
424,"User424","Test424","user424@example.com","555-01042","2021-04-14","Individual",726
425,"User425","Test425","user425@example.com","555-01042","2021-04-02","Individual",834
426,"User426","Test426","user426@example.com","555-01042","2020-06-13","Premium",510
427,"User427","Test427","user427@example.com","555-01042","2022-11-22","Individual",700
428,"User428","Test428","user428@example.com","555-01042","2020-07-26","Individual",841
429,"User429","Test429","user429@example.com","555-01042","2020-11-20","Individual",720
430,"User430","Test430","user430@example.com","555-01043","2022-04-22","Individual",685
431,"User431","Test431","user431@example.com","555-01043","2021-04-11","Individual",560
432,"User432","Test432","user432@example.com","555-01043","2022-11-08","Premium",620
433,"User433","Test433","user433@example.com","555-01043","2022-09-26","Individual",781
434,"User434","Test434","user434@example.com","555-01043","2021-10-16","Business",696
435,"User435","Test435","user435@example.com","555-01043","2022-09-10","Premium",643
436,"User436","Test436","user436@example.com","555-01043","2022-01-06","Business",672
437,"User437","Test437","user437@example.com","555-01043","2020-12-26","Business",542
438,"User438","Test438","user438@example.com","555-01043","2020-09-10","Business",603
439,"User439","Test439","user439@example.com","555-01043","2021-03-12","Premium",712
440,"User440","Test440","user440@example.com","555-01044","2022-03-29","Individual",799
441,"User441","Test441","user441@example.com","555-01044","2020-01-27","Individual",520
442,"User442","Test442","user442@example.com","555-01044","2020-07-13","Business",707
443,"User443","Test443","user443@example.com","555-01044","2022-10-26","Premium",775
444,"User444","Test444","user444@example.com","555-01044","2020-01-17","Business",717
445,"User445","Test445","user445@example.com","555-01044","2020-08-01","Premium",659
446,"User446","Test446","user446@example.com","555-01044","2021-02-21","Premium",511
447,"User447","Test447","user447@example.com","555-01044","2020-12-24","Business",624
448,"User448","Test448","user448@example.com","555-01044","2022-11-11","Business",821
449,"User449","Test449","user449@example.com","555-01044","2022-11-03","Business",544
450,"User450","Test450","user450@example.com","555-01045","2022-05-17","Business",502
451,"User451","Test451","user451@example.com","555-01045","2020-03-27","Premium",784
452,"User452","Test452","user452@example.com","555-01045","2020-10-26","Premium",828
453,"User453","Test453","user453@example.com","555-01045","2020-03-06","Business",660
454,"User454","Test454","user454@example.com","555-01045","2020-11-03","Individual",645
455,"User455","Test455","user455@example.com","555-01045","2020-09-02","Business",755
456,"User456","Test456","user456@example.com","555-01045","2020-01-30","Business",560
457,"User457","Test457","user457@example.com","555-01045","2021-05-18","Premium",730
458,"User458","Test458","user458@example.com","555-01045","2021-05-20","Individual",522
459,"User459","Test459","user459@example.com","555-01045","2022-04-17","Individual",604
460,"User460","Test460","user460@example.com","555-01046","2022-08-14","Premium",807
461,"User461","Test461","user461@example.com","555-01046","2020-11-06","Premium",843
462,"User462","Test462","user462@example.com","555-01046","2022-11-07","Premium",588
463,"User463","Test463","user463@example.com","555-01046","2020-09-07","Premium",520
464,"User464","Test464","user464@example.com","555-01046","2022-01-30","Business",709
465,"User465","Test465","user465@example.com","555-01046","2021-05-18","Individual",683
466,"User466","Test466","user466@example.com","555-01046","2022-12-27","Premium",604
467,"User467","Test467","user467@example.com","555-01046","2022-08-14","Premium",609
468,"User468","Test468","user468@example.com","555-01046","2020-08-12","Individual",683
469,"User469","Test469","user469@example.com","555-01046","2021-03-06","Business",518
470,"User470","Test470","user470@example.com","555-01047","2022-12-23","Business",647
471,"User471","Test471","user471@example.com","555-01047","2021-11-13","Premium",669
472,"User472","Test472","user472@example.com","555-01047","2020-07-11","Business",807
473,"User473","Test473","user473@example.com","555-01047","2021-01-01","Business",670
474,"User474","Test474","user474@example.com","555-01047","2022-07-30","Individual",525
475,"User475","Test475","user475@example.com","555-01047","2020-12-24","Premium",665
476,"User476","Test476","user476@example.com","555-01047","2020-07-31","Premium",681
477,"User477","Test477","user477@example.com","555-01047","2022-10-02","Business",685
478,"User478","Test478","user478@example.com","555-01047","2021-08-07","Premium",626
479,"User479","Test479","user479@example.com","555-01047","2022-03-07","Premium",694
480,"User480","Test480","user480@example.com","555-01048","2020-04-08","Individual",637
481,"User481","Test481","user481@example.com","555-01048","2021-10-06","Business",784
482,"User482","Test482","user482@example.com","555-01048","2021-09-23","Business",594
483,"User483","Test483","user483@example.com","555-01048","2020-02-22","Premium",790
484,"User484","Test484","user484@example.com","555-01048","2022-04-15","Business",846
485,"User485","Test485","user485@example.com","555-01048","2022-11-02","Individual",632
486,"User486","Test486","user486@example.com","555-01048","2022-08-12","Business",562
487,"User487","Test487","user487@example.com","555-01048","2022-08-02","Business",722
488,"User488","Test488","user488@example.com","555-01048","2022-08-20","Business",652
489,"User489","Test489","user489@example.com","555-01048","2021-11-08","Business",754
490,"User490","Test490","user490@example.com","555-01049","2022-10-19","Individual",531
491,"User491","Test491","user491@example.com","555-01049","2021-04-01","Individual",510
492,"User492","Test492","user492@example.com","555-01049","2021-02-14","Individual",734
493,"User493","Test493","user493@example.com","555-01049","2022-12-15","Business",816
494,"User494","Test494","user494@example.com","555-01049","2021-10-07","Premium",526
495,"User495","Test495","user495@example.com","555-01049","2022-01-22","Individual",705
496,"User496","Test496","user496@example.com","555-01049","2021-10-09","Individual",792
497,"User497","Test497","user497@example.com","555-01049","2022-06-10","Business",810
498,"User498","Test498","user498@example.com","555-01049","2020-08-07","Business",625
499,"User499","Test499","user499@example.com","555-01049","2022-11-20","Premium",604
500,"User500","Test500","user500@example.com","555-01050","2022-10-10","Business",501
501,"User501","Test501","user501@example.com","555-01050","2020-06-30","Individual",802
502,"User502","Test502","user502@example.com","555-01050","2020-10-12","Premium",686
503,"User503","Test503","user503@example.com","555-01050","2022-04-05","Individual",617
504,"User504","Test504","user504@example.com","555-01050","2020-09-13","Business",519
505,"User505","Test505","user505@example.com","555-01050","2020-12-08","Premium",651
506,"User506","Test506","user506@example.com","555-01050","2020-12-08","Premium",562
507,"User507","Test507","user507@example.com","555-01050","2021-07-04","Individual",803
508,"User508","Test508","user508@example.com","555-01050","2021-01-03","Business",595
509,"User509","Test509","user509@example.com","555-01050","2020-05-28","Individual",779
510,"User510","Test510","user510@example.com","555-01051","2021-06-27","Individual",659
511,"User511","Test511","user511@example.com","555-01051","2021-03-16","Business",511
512,"User512","Test512","user512@example.com","555-01051","2020-01-16","Individual",612
513,"User513","Test513","user513@example.com","555-01051","2021-09-11","Premium",635
514,"User514","Test514","user514@example.com","555-01051","2021-01-28","Business",829
515,"User515","Test515","user515@example.com","555-01051","2021-06-24","Business",780
516,"User516","Test516","user516@example.com","555-01051","2021-01-26","Individual",534
517,"User517","Test517","user517@example.com","555-01051","2022-04-01","Premium",631
518,"User518","Test518","user518@example.com","555-01051","2022-03-19","Business",842
519,"User519","Test519","user519@example.com","555-01051","2022-02-02","Business",645
520,"User520","Test520","user520@example.com","555-01052","2022-01-01","Individual",523
521,"User521","Test521","user521@example.com","555-01052","2020-12-13","Business",518
522,"User522","Test522","user522@example.com","555-01052","2021-03-02","Business",589
523,"User523","Test523","user523@example.com","555-01052","2020-04-02","Business",756
524,"User524","Test524","user524@example.com","555-01052","2021-04-28","Individual",544
525,"User525","Test525","user525@example.com","555-01052","2022-09-03","Individual",808
526,"User526","Test526","user526@example.com","555-01052","2022-04-13","Individual",646
527,"User527","Test527","user527@example.com","555-01052","2022-03-30","Individual",655
528,"User528","Test528","user528@example.com","555-01052","2020-03-19","Premium",723
529,"User529","Test529","user529@example.com","555-01052","2021-06-29","Business",564
530,"User530","Test530","user530@example.com","555-01053","2022-06-01","Business",626
531,"User531","Test531","user531@example.com","555-01053","2022-04-09","Premium",833
532,"User532","Test532","user532@example.com","555-01053","2021-09-16","Business",650
533,"User533","Test533","user533@example.com","555-01053","2020-05-13","Business",660
534,"User534","Test534","user534@example.com","555-01053","2020-11-25","Individual",562
535,"User535","Test535","user535@example.com","555-01053","2022-03-18","Premium",574
536,"User536","Test536","user536@example.com","555-01053","2020-10-30","Individual",729
537,"User537","Test537","user537@example.com","555-01053","2022-12-06","Individual",816
538,"User538","Test538","user538@example.com","555-01053","2022-12-18","Individual",510
539,"User539","Test539","user539@example.com","555-01053","2020-01-12","Premium",595
540,"User540","Test540","user540@example.com","555-01054","2020-12-13","Individual",727
541,"User541","Test541","user541@example.com","555-01054","2021-08-29","Premium",657
542,"User542","Test542","user542@example.com","555-01054","2021-12-04","Business",696
543,"User543","Test543","user543@example.com","555-01054","2022-04-27","Business",516
544,"User544","Test544","user544@example.com","555-01054","2022-05-09","Business",557
545,"User545","Test545","user545@example.com","555-01054","2020-09-09","Premium",615
546,"User546","Test546","user546@example.com","555-01054","2022-02-02","Individual",724
547,"User547","Test547","user547@example.com","555-01054","2020-08-03","Premium",598
548,"User548","Test548","user548@example.com","555-01054","2020-08-22","Business",554
549,"User549","Test549","user549@example.com","555-01054","2020-09-25","Business",780
550,"User550","Test550","user550@example.com","555-01055","2020-07-29","Individual",649
551,"User551","Test551","user551@example.com","555-01055","2022-11-30","Business",585
552,"User552","Test552","user552@example.com","555-01055","2022-12-28","Business",634
553,"User553","Test553","user553@example.com","555-01055","2022-01-16","Business",705
554,"User554","Test554","user554@example.com","555-01055","2020-03-28","Business",735
555,"User555","Test555","user555@example.com","555-01055","2021-09-27","Premium",667
556,"User556","Test556","user556@example.com","555-01055","2020-11-01","Premium",544
557,"User557","Test557","user557@example.com","555-01055","2020-01-08","Individual",743
558,"User558","Test558","user558@example.com","555-01055","2021-02-04","Business",591
559,"User559","Test559","user559@example.com","555-01055","2020-09-12","Business",573
560,"User560","Test560","user560@example.com","555-01056","2020-08-19","Business",593
561,"User561","Test561","user561@example.com","555-01056","2022-11-02","Business",527
562,"User562","Test562","user562@example.com","555-01056","2020-02-06","Individual",838
563,"User563","Test563","user563@example.com","555-01056","2022-01-06","Premium",544
564,"User564","Test564","user564@example.com","555-01056","2022-10-16","Individual",578
565,"User565","Test565","user565@example.com","555-01056","2021-03-02","Individual",517
566,"User566","Test566","user566@example.com","555-01056","2020-03-11","Premium",726
567,"User567","Test567","user567@example.com","555-01056","2022-04-30","Premium",819
568,"User568","Test568","user568@example.com","555-01056","2021-04-28","Business",594
569,"User569","Test569","user569@example.com","555-01056","2020-06-09","Individual",520
570,"User570","Test570","user570@example.com","555-01057","2020-03-11","Business",821
571,"User571","Test571","user571@example.com","555-01057","2022-10-10","Individual",643
572,"User572","Test572","user572@example.com","555-01057","2022-02-21","Individual",718
573,"User573","Test573","user573@example.com","555-01057","2021-06-16","Individual",584
574,"User574","Test574","user574@example.com","555-01057","2022-04-21","Business",823
575,"User575","Test575","user575@example.com","555-01057","2021-06-15","Premium",743
576,"User576","Test576","user576@example.com","555-01057","2020-05-31","Individual",829
577,"User577","Test577","user577@example.com","555-01057","2020-03-22","Premium",812
578,"User578","Test578","user578@example.com","555-01057","2022-01-01","Individual",796
579,"User579","Test579","user579@example.com","555-01057","2022-02-12","Premium",779
580,"User580","Test580","user580@example.com","555-01058","2022-07-03","Individual",597
581,"User581","Test581","user581@example.com","555-01058","2020-11-23","Individual",604
582,"User582","Test582","user582@example.com","555-01058","2022-06-04","Individual",683
583,"User583","Test583","user583@example.com","555-01058","2022-02-11","Premium",537
584,"User584","Test584","user584@example.com","555-01058","2022-06-12","Premium",650
585,"User585","Test585","user585@example.com","555-01058","2022-06-26","Individual",809
586,"User586","Test586","user586@example.com","555-01058","2020-05-09","Individual",739
587,"User587","Test587","user587@example.com","555-01058","2021-07-25","Business",673
588,"User588","Test588","user588@example.com","555-01058","2021-04-07","Business",842
589,"User589","Test589","user589@example.com","555-01058","2020-08-01","Individual",587
590,"User590","Test590","user590@example.com","555-01059","2021-10-31","Business",626
591,"User591","Test591","user591@example.com","555-01059","2020-10-02","Business",507
592,"User592","Test592","user592@example.com","555-01059","2022-07-31","Business",702
593,"User593","Test593","user593@example.com","555-01059","2020-08-11","Individual",774
594,"User594","Test594","user594@example.com","555-01059","2022-02-19","Premium",761
595,"User595","Test595","user595@example.com","555-01059","2022-05-18","Business",708
596,"User596","Test596","user596@example.com","555-01059","2022-07-19","Business",679
597,"User597","Test597","user597@example.com","555-01059","2020-10-28","Premium",708
598,"User598","Test598","user598@example.com","555-01059","2020-01-23","Business",561
599,"User599","Test599","user599@example.com","555-01059","2022-04-18","Business",800
600,"User600","Test600","user600@example.com","555-01060","2020-08-12","Premium",525
601,"User601","Test601","user601@example.com","555-01060","2022-07-07","Individual",790
602,"User602","Test602","user602@example.com","555-01060","2022-07-04","Business",541
603,"User603","Test603","user603@example.com","555-01060","2020-05-05","Individual",524
604,"User604","Test604","user604@example.com","555-01060","2021-03-30","Premium",554
605,"User605","Test605","user605@example.com","555-01060","2020-02-27","Premium",843
606,"User606","Test606","user606@example.com","555-01060","2021-07-10","Premium",726
607,"User607","Test607","user607@example.com","555-01060","2021-07-22","Individual",693
608,"User608","Test608","user608@example.com","555-01060","2022-03-22","Business",626
609,"User609","Test609","user609@example.com","555-01060","2020-04-13","Individual",573
610,"User610","Test610","user610@example.com","555-01061","2020-02-14","Business",832
611,"User611","Test611","user611@example.com","555-01061","2020-03-04","Premium",773
612,"User612","Test612","user612@example.com","555-01061","2020-04-25","Individual",826
613,"User613","Test613","user613@example.com","555-01061","2021-09-14","Individual",535
614,"User614","Test614","user614@example.com","555-01061","2021-01-10","Business",541
615,"User615","Test615","user615@example.com","555-01061","2021-06-09","Business",844
616,"User616","Test616","user616@example.com","555-01061","2020-12-05","Premium",755
617,"User617","Test617","user617@example.com","555-01061","2021-08-13","Business",539
618,"User618","Test618","user618@example.com","555-01061","2022-02-02","Business",770
619,"User619","Test619","user619@example.com","555-01061","2021-08-14","Business",714
620,"User620","Test620","user620@example.com","555-01062","2021-01-06","Premium",824
621,"User621","Test621","user621@example.com","555-01062","2020-03-17","Individual",722
622,"User622","Test622","user622@example.com","555-01062","2021-08-26","Premium",820
623,"User623","Test623","user623@example.com","555-01062","2020-02-12","Premium",685
624,"User624","Test624","user624@example.com","555-01062","2021-06-04","Business",679
625,"User625","Test625","user625@example.com","555-01062","2020-12-10","Premium",550
626,"User626","Test626","user626@example.com","555-01062","2020-12-31","Business",563
627,"User627","Test627","user627@example.com","555-01062","2022-11-30","Premium",649
628,"User628","Test628","user628@example.com","555-01062","2021-11-15","Individual",517
629,"User629","Test629","user629@example.com","555-01062","2021-03-03","Business",514
630,"User630","Test630","user630@example.com","555-01063","2020-05-27","Premium",808
631,"User631","Test631","user631@example.com","555-01063","2020-10-30","Premium",713
632,"User632","Test632","user632@example.com","555-01063","2021-03-31","Business",601
633,"User633","Test633","user633@example.com","555-01063","2020-04-27","Premium",617
634,"User634","Test634","user634@example.com","555-01063","2021-12-07","Business",746
635,"User635","Test635","user635@example.com","555-01063","2022-05-28","Individual",717
636,"User636","Test636","user636@example.com","555-01063","2021-01-25","Individual",649
637,"User637","Test637","user637@example.com","555-01063","2022-05-14","Business",535
638,"User638","Test638","user638@example.com","555-01063","2022-12-11","Individual",755
639,"User639","Test639","user639@example.com","555-01063","2020-12-07","Individual",742
640,"User640","Test640","user640@example.com","555-01064","2020-11-23","Individual",847
641,"User641","Test641","user641@example.com","555-01064","2020-10-11","Business",787
642,"User642","Test642","user642@example.com","555-01064","2022-10-22","Individual",590
643,"User643","Test643","user643@example.com","555-01064","2022-08-09","Business",819
644,"User644","Test644","user644@example.com","555-01064","2020-12-17","Premium",836
645,"User645","Test645","user645@example.com","555-01064","2021-06-03","Premium",733
646,"User646","Test646","user646@example.com","555-01064","2020-12-07","Individual",756
647,"User647","Test647","user647@example.com","555-01064","2021-06-24","Premium",779
648,"User648","Test648","user648@example.com","555-01064","2022-01-15","Individual",778
649,"User649","Test649","user649@example.com","555-01064","2022-05-22","Business",821
650,"User650","Test650","user650@example.com","555-01065","2020-10-20","Business",812
651,"User651","Test651","user651@example.com","555-01065","2020-08-30","Business",797
652,"User652","Test652","user652@example.com","555-01065","2020-06-02","Premium",553
653,"User653","Test653","user653@example.com","555-01065","2021-08-08","Business",793
654,"User654","Test654","user654@example.com","555-01065","2022-05-18","Premium",604
655,"User655","Test655","user655@example.com","555-01065","2021-09-13","Business",773
656,"User656","Test656","user656@example.com","555-01065","2021-10-19","Individual",685
657,"User657","Test657","user657@example.com","555-01065","2021-12-21","Business",732
658,"User658","Test658","user658@example.com","555-01065","2020-11-09","Business",713
659,"User659","Test659","user659@example.com","555-01065","2021-09-06","Premium",573
660,"User660","Test660","user660@example.com","555-01066","2022-09-18","Premium",647
661,"User661","Test661","user661@example.com","555-01066","2020-10-12","Business",846
662,"User662","Test662","user662@example.com","555-01066","2022-02-09","Business",713
663,"User663","Test663","user663@example.com","555-01066","2021-03-26","Business",652
664,"User664","Test664","user664@example.com","555-01066","2020-09-04","Business",646
665,"User665","Test665","user665@example.com","555-01066","2020-01-02","Premium",826
666,"User666","Test666","user666@example.com","555-01066","2021-02-10","Individual",701
667,"User667","Test667","user667@example.com","555-01066","2022-03-13","Business",554
668,"User668","Test668","user668@example.com","555-01066","2021-09-24","Premium",560
669,"User669","Test669","user669@example.com","555-01066","2022-11-06","Individual",816
670,"User670","Test670","user670@example.com","555-01067","2020-03-07","Business",802
671,"User671","Test671","user671@example.com","555-01067","2020-11-22","Individual",619
672,"User672","Test672","user672@example.com","555-01067","2022-09-20","Business",560
673,"User673","Test673","user673@example.com","555-01067","2020-03-03","Individual",833
674,"User674","Test674","user674@example.com","555-01067","2022-03-29","Premium",734
675,"User675","Test675","user675@example.com","555-01067","2021-11-28","Individual",583
676,"User676","Test676","user676@example.com","555-01067","2022-04-09","Premium",790
677,"User677","Test677","user677@example.com","555-01067","2022-09-16","Individual",502
678,"User678","Test678","user678@example.com","555-01067","2021-09-11","Premium",615
679,"User679","Test679","user679@example.com","555-01067","2021-02-03","Individual",614
680,"User680","Test680","user680@example.com","555-01068","2022-10-03","Business",746
681,"User681","Test681","user681@example.com","555-01068","2020-07-24","Premium",534
682,"User682","Test682","user682@example.com","555-01068","2022-07-29","Business",769
683,"User683","Test683","user683@example.com","555-01068","2022-03-15","Premium",739
684,"User684","Test684","user684@example.com","555-01068","2022-07-07","Individual",800
685,"User685","Test685","user685@example.com","555-01068","2021-12-27","Individual",726
686,"User686","Test686","user686@example.com","555-01068","2022-11-01","Individual",621
687,"User687","Test687","user687@example.com","555-01068","2022-05-29","Premium",702
688,"User688","Test688","user688@example.com","555-01068","2022-01-05","Individual",805
689,"User689","Test689","user689@example.com","555-01068","2022-05-17","Premium",778
690,"User690","Test690","user690@example.com","555-01069","2021-03-26","Premium",771
691,"User691","Test691","user691@example.com","555-01069","2022-01-11","Individual",657
692,"User692","Test692","user692@example.com","555-01069","2020-06-23","Business",835
693,"User693","Test693","user693@example.com","555-01069","2022-05-23","Business",694
694,"User694","Test694","user694@example.com","555-01069","2022-03-09","Business",574
695,"User695","Test695","user695@example.com","555-01069","2022-12-14","Premium",832
696,"User696","Test696","user696@example.com","555-01069","2022-07-18","Business",540
697,"User697","Test697","user697@example.com","555-01069","2020-10-17","Premium",684
698,"User698","Test698","user698@example.com","555-01069","2020-07-24","Individual",561
699,"User699","Test699","user699@example.com","555-01069","2022-05-03","Business",558
700,"User700","Test700","user700@example.com","555-01070","2021-12-09","Individual",588
701,"User701","Test701","user701@example.com","555-01070","2022-11-12","Premium",519
702,"User702","Test702","user702@example.com","555-01070","2021-08-04","Business",761
703,"User703","Test703","user703@example.com","555-01070","2020-03-20","Premium",571
704,"User704","Test704","user704@example.com","555-01070","2021-08-17","Individual",631
705,"User705","Test705","user705@example.com","555-01070","2021-05-19","Premium",743
706,"User706","Test706","user706@example.com","555-01070","2021-10-26","Business",787
707,"User707","Test707","user707@example.com","555-01070","2022-04-25","Individual",730
708,"User708","Test708","user708@example.com","555-01070","2020-04-26","Business",635
709,"User709","Test709","user709@example.com","555-01070","2022-10-13","Individual",531
710,"User710","Test710","user710@example.com","555-01071","2021-03-24","Individual",588
711,"User711","Test711","user711@example.com","555-01071","2022-12-03","Premium",638
712,"User712","Test712","user712@example.com","555-01071","2021-03-06","Individual",515
713,"User713","Test713","user713@example.com","555-01071","2020-01-15","Individual",709
714,"User714","Test714","user714@example.com","555-01071","2020-04-16","Premium",823
715,"User715","Test715","user715@example.com","555-01071","2022-06-19","Premium",790
716,"User716","Test716","user716@example.com","555-01071","2020-10-07","Premium",777
717,"User717","Test717","user717@example.com","555-01071","2022-09-14","Premium",747
718,"User718","Test718","user718@example.com","555-01071","2022-01-09","Premium",564
719,"User719","Test719","user719@example.com","555-01071","2022-02-10","Premium",744
720,"User720","Test720","user720@example.com","555-01072","2021-04-28","Business",585
721,"User721","Test721","user721@example.com","555-01072","2022-12-07","Premium",662
722,"User722","Test722","user722@example.com","555-01072","2020-12-12","Business",532
723,"User723","Test723","user723@example.com","555-01072","2021-01-20","Business",724
724,"User724","Test724","user724@example.com","555-01072","2020-10-28","Business",748
725,"User725","Test725","user725@example.com","555-01072","2020-12-18","Premium",547
726,"User726","Test726","user726@example.com","555-01072","2021-01-07","Individual",814
727,"User727","Test727","user727@example.com","555-01072","2022-06-05","Individual",608
728,"User728","Test728","user728@example.com","555-01072","2021-03-18","Premium",509
729,"User729","Test729","user729@example.com","555-01072","2020-11-05","Business",798
730,"User730","Test730","user730@example.com","555-01073","2020-05-30","Individual",535
731,"User731","Test731","user731@example.com","555-01073","2022-03-05","Premium",662
732,"User732","Test732","user732@example.com","555-01073","2022-02-04","Individual",772
733,"User733","Test733","user733@example.com","555-01073","2020-05-14","Business",650
734,"User734","Test734","user734@example.com","555-01073","2021-01-24","Individual",838
735,"User735","Test735","user735@example.com","555-01073","2020-10-16","Business",598
736,"User736","Test736","user736@example.com","555-01073","2021-01-15","Business",560
737,"User737","Test737","user737@example.com","555-01073","2020-04-11","Individual",776
738,"User738","Test738","user738@example.com","555-01073","2022-02-13","Business",620
739,"User739","Test739","user739@example.com","555-01073","2020-03-02","Business",623
740,"User740","Test740","user740@example.com","555-01074","2022-11-10","Individual",838
741,"User741","Test741","user741@example.com","555-01074","2020-05-31","Business",629
742,"User742","Test742","user742@example.com","555-01074","2022-06-10","Premium",736
743,"User743","Test743","user743@example.com","555-01074","2022-05-16","Premium",619
744,"User744","Test744","user744@example.com","555-01074","2020-08-21","Individual",733
745,"User745","Test745","user745@example.com","555-01074","2020-05-08","Individual",589
746,"User746","Test746","user746@example.com","555-01074","2020-02-01","Premium",665
747,"User747","Test747","user747@example.com","555-01074","2020-11-27","Business",711
748,"User748","Test748","user748@example.com","555-01074","2021-03-13","Premium",736
749,"User749","Test749","user749@example.com","555-01074","2020-09-28","Premium",676
750,"User750","Test750","user750@example.com","555-01075","2020-02-01","Individual",710
751,"User751","Test751","user751@example.com","555-01075","2021-12-06","Business",674
752,"User752","Test752","user752@example.com","555-01075","2021-03-19","Business",522
753,"User753","Test753","user753@example.com","555-01075","2020-05-19","Business",636
754,"User754","Test754","user754@example.com","555-01075","2020-12-07","Premium",787
755,"User755","Test755","user755@example.com","555-01075","2021-05-24","Business",767
756,"User756","Test756","user756@example.com","555-01075","2020-07-19","Business",822
757,"User757","Test757","user757@example.com","555-01075","2020-06-18","Premium",720
758,"User758","Test758","user758@example.com","555-01075","2022-11-22","Business",781
759,"User759","Test759","user759@example.com","555-01075","2020-01-01","Individual",742
760,"User760","Test760","user760@example.com","555-01076","2021-01-15","Individual",836
761,"User761","Test761","user761@example.com","555-01076","2021-07-11","Individual",833
762,"User762","Test762","user762@example.com","555-01076","2022-06-13","Business",561
763,"User763","Test763","user763@example.com","555-01076","2020-07-23","Business",784
764,"User764","Test764","user764@example.com","555-01076","2021-04-06","Business",554
765,"User765","Test765","user765@example.com","555-01076","2022-08-09","Individual",575
766,"User766","Test766","user766@example.com","555-01076","2021-12-26","Individual",713
767,"User767","Test767","user767@example.com","555-01076","2021-08-26","Business",794
768,"User768","Test768","user768@example.com","555-01076","2022-02-12","Individual",568
769,"User769","Test769","user769@example.com","555-01076","2021-02-28","Business",528
770,"User770","Test770","user770@example.com","555-01077","2021-06-11","Premium",680
771,"User771","Test771","user771@example.com","555-01077","2020-01-14","Business",652
772,"User772","Test772","user772@example.com","555-01077","2022-01-20","Individual",636
773,"User773","Test773","user773@example.com","555-01077","2022-08-20","Premium",539
774,"User774","Test774","user774@example.com","555-01077","2020-05-02","Individual",770
775,"User775","Test775","user775@example.com","555-01077","2020-07-05","Premium",540
776,"User776","Test776","user776@example.com","555-01077","2021-02-13","Premium",805
777,"User777","Test777","user777@example.com","555-01077","2021-10-04","Premium",709
778,"User778","Test778","user778@example.com","555-01077","2020-09-08","Business",803
779,"User779","Test779","user779@example.com","555-01077","2021-01-28","Premium",641
780,"User780","Test780","user780@example.com","555-01078","2021-02-18","Premium",634
781,"User781","Test781","user781@example.com","555-01078","2020-05-14","Premium",697
782,"User782","Test782","user782@example.com","555-01078","2020-08-03","Individual",546
783,"User783","Test783","user783@example.com","555-01078","2021-08-26","Premium",526
784,"User784","Test784","user784@example.com","555-01078","2020-02-06","Premium",541
785,"User785","Test785","user785@example.com","555-01078","2022-06-29","Business",542
786,"User786","Test786","user786@example.com","555-01078","2022-09-11","Business",554
787,"User787","Test787","user787@example.com","555-01078","2021-11-04","Premium",639
788,"User788","Test788","user788@example.com","555-01078","2022-04-08","Business",794
789,"User789","Test789","user789@example.com","555-01078","2020-02-26","Premium",615
790,"User790","Test790","user790@example.com","555-01079","2020-12-08","Premium",501
791,"User791","Test791","user791@example.com","555-01079","2022-01-22","Individual",763
792,"User792","Test792","user792@example.com","555-01079","2022-12-09","Premium",543
793,"User793","Test793","user793@example.com","555-01079","2021-05-30","Individual",633
794,"User794","Test794","user794@example.com","555-01079","2022-12-04","Premium",798
795,"User795","Test795","user795@example.com","555-01079","2020-04-21","Business",500
796,"User796","Test796","user796@example.com","555-01079","2021-11-13","Individual",716
797,"User797","Test797","user797@example.com","555-01079","2020-01-25","Business",743
798,"User798","Test798","user798@example.com","555-01079","2020-03-01","Business",653
799,"User799","Test799","user799@example.com","555-01079","2020-06-29","Individual",529
800,"User800","Test800","user800@example.com","555-01080","2020-07-27","Business",710
801,"User801","Test801","user801@example.com","555-01080","2022-11-18","Individual",675
802,"User802","Test802","user802@example.com","555-01080","2022-12-14","Business",748
803,"User803","Test803","user803@example.com","555-01080","2022-05-12","Individual",773
804,"User804","Test804","user804@example.com","555-01080","2020-02-09","Premium",570
805,"User805","Test805","user805@example.com","555-01080","2020-07-23","Business",792
806,"User806","Test806","user806@example.com","555-01080","2020-05-29","Business",670
807,"User807","Test807","user807@example.com","555-01080","2020-01-01","Premium",644
808,"User808","Test808","user808@example.com","555-01080","2022-01-09","Individual",511
809,"User809","Test809","user809@example.com","555-01080","2021-08-04","Business",534
810,"User810","Test810","user810@example.com","555-01081","2022-03-18","Premium",532
811,"User811","Test811","user811@example.com","555-01081","2022-05-18","Individual",839
812,"User812","Test812","user812@example.com","555-01081","2022-04-30","Business",808
813,"User813","Test813","user813@example.com","555-01081","2022-11-12","Individual",784
814,"User814","Test814","user814@example.com","555-01081","2020-05-20","Individual",726
815,"User815","Test815","user815@example.com","555-01081","2020-02-06","Business",835
816,"User816","Test816","user816@example.com","555-01081","2020-03-13","Individual",832
817,"User817","Test817","user817@example.com","555-01081","2020-10-28","Premium",850
818,"User818","Test818","user818@example.com","555-01081","2021-06-29","Business",626
819,"User819","Test819","user819@example.com","555-01081","2022-04-28","Business",512
820,"User820","Test820","user820@example.com","555-01082","2021-04-03","Business",694
821,"User821","Test821","user821@example.com","555-01082","2021-10-21","Business",722
822,"User822","Test822","user822@example.com","555-01082","2020-08-10","Individual",607
823,"User823","Test823","user823@example.com","555-01082","2020-04-18","Individual",703
824,"User824","Test824","user824@example.com","555-01082","2020-11-26","Premium",794
825,"User825","Test825","user825@example.com","555-01082","2021-08-17","Business",741
826,"User826","Test826","user826@example.com","555-01082","2020-06-13","Premium",646
827,"User827","Test827","user827@example.com","555-01082","2021-08-07","Business",735
828,"User828","Test828","user828@example.com","555-01082","2020-10-07","Premium",612
829,"User829","Test829","user829@example.com","555-01082","2021-05-31","Business",724
830,"User830","Test830","user830@example.com","555-01083","2022-12-28","Premium",820
831,"User831","Test831","user831@example.com","555-01083","2021-12-31","Premium",756
832,"User832","Test832","user832@example.com","555-01083","2021-09-08","Business",674
833,"User833","Test833","user833@example.com","555-01083","2020-11-05","Business",513
834,"User834","Test834","user834@example.com","555-01083","2020-09-18","Business",742
835,"User835","Test835","user835@example.com","555-01083","2021-12-24","Business",569
836,"User836","Test836","user836@example.com","555-01083","2021-07-28","Premium",666
837,"User837","Test837","user837@example.com","555-01083","2020-10-08","Business",523
838,"User838","Test838","user838@example.com","555-01083","2021-05-23","Business",528
839,"User839","Test839","user839@example.com","555-01083","2021-08-21","Individual",516
840,"User840","Test840","user840@example.com","555-01084","2021-11-06","Premium",692
841,"User841","Test841","user841@example.com","555-01084","2021-11-03","Individual",697
842,"User842","Test842","user842@example.com","555-01084","2021-04-06","Business",660
843,"User843","Test843","user843@example.com","555-01084","2021-05-27","Business",685
844,"User844","Test844","user844@example.com","555-01084","2021-02-12","Individual",653
845,"User845","Test845","user845@example.com","555-01084","2020-09-22","Individual",622
846,"User846","Test846","user846@example.com","555-01084","2022-09-28","Business",785
847,"User847","Test847","user847@example.com","555-01084","2022-01-22","Premium",542
848,"User848","Test848","user848@example.com","555-01084","2021-07-08","Individual",631
849,"User849","Test849","user849@example.com","555-01084","2021-05-10","Business",723
850,"User850","Test850","user850@example.com","555-01085","2020-06-14","Business",574
851,"User851","Test851","user851@example.com","555-01085","2020-04-21","Premium",681
852,"User852","Test852","user852@example.com","555-01085","2022-10-25","Premium",843
853,"User853","Test853","user853@example.com","555-01085","2021-01-15","Premium",575
854,"User854","Test854","user854@example.com","555-01085","2021-01-13","Premium",538
855,"User855","Test855","user855@example.com","555-01085","2020-06-16","Business",710
856,"User856","Test856","user856@example.com","555-01085","2021-12-14","Premium",513
857,"User857","Test857","user857@example.com","555-01085","2020-06-17","Individual",695
858,"User858","Test858","user858@example.com","555-01085","2020-08-20","Business",660
859,"User859","Test859","user859@example.com","555-01085","2020-06-15","Individual",575
860,"User860","Test860","user860@example.com","555-01086","2022-09-01","Premium",613
861,"User861","Test861","user861@example.com","555-01086","2021-03-23","Business",505
862,"User862","Test862","user862@example.com","555-01086","2021-04-03","Premium",507
863,"User863","Test863","user863@example.com","555-01086","2020-09-10","Business",566
864,"User864","Test864","user864@example.com","555-01086","2021-11-13","Individual",627
865,"User865","Test865","user865@example.com","555-01086","2022-04-28","Individual",719
866,"User866","Test866","user866@example.com","555-01086","2020-07-18","Individual",599
867,"User867","Test867","user867@example.com","555-01086","2022-01-13","Business",609
868,"User868","Test868","user868@example.com","555-01086","2021-10-31","Individual",512
869,"User869","Test869","user869@example.com","555-01086","2020-05-24","Premium",693
870,"User870","Test870","user870@example.com","555-01087","2020-01-11","Individual",589
871,"User871","Test871","user871@example.com","555-01087","2020-10-07","Premium",758
872,"User872","Test872","user872@example.com","555-01087","2021-02-02","Premium",612
873,"User873","Test873","user873@example.com","555-01087","2021-03-23","Individual",787
874,"User874","Test874","user874@example.com","555-01087","2021-11-13","Premium",593
875,"User875","Test875","user875@example.com","555-01087","2022-06-01","Business",736
876,"User876","Test876","user876@example.com","555-01087","2021-01-22","Premium",722
877,"User877","Test877","user877@example.com","555-01087","2021-10-03","Business",637
878,"User878","Test878","user878@example.com","555-01087","2022-09-13","Business",700
879,"User879","Test879","user879@example.com","555-01087","2022-11-06","Premium",734
880,"User880","Test880","user880@example.com","555-01088","2021-06-24","Individual",547
881,"User881","Test881","user881@example.com","555-01088","2020-12-06","Business",515
882,"User882","Test882","user882@example.com","555-01088","2020-01-30","Individual",561
883,"User883","Test883","user883@example.com","555-01088","2022-07-07","Premium",732
884,"User884","Test884","user884@example.com","555-01088","2022-02-03","Individual",512
885,"User885","Test885","user885@example.com","555-01088","2021-10-14","Premium",775
886,"User886","Test886","user886@example.com","555-01088","2021-11-23","Business",655
887,"User887","Test887","user887@example.com","555-01088","2022-02-11","Individual",737
888,"User888","Test888","user888@example.com","555-01088","2022-09-10","Individual",565
889,"User889","Test889","user889@example.com","555-01088","2020-11-19","Individual",810
890,"User890","Test890","user890@example.com","555-01089","2022-06-30","Premium",738
891,"User891","Test891","user891@example.com","555-01089","2021-12-18","Premium",838
892,"User892","Test892","user892@example.com","555-01089","2020-11-16","Premium",597
893,"User893","Test893","user893@example.com","555-01089","2020-04-01","Premium",722
894,"User894","Test894","user894@example.com","555-01089","2020-08-24","Individual",680
895,"User895","Test895","user895@example.com","555-01089","2022-02-15","Premium",651
896,"User896","Test896","user896@example.com","555-01089","2021-03-04","Premium",605
897,"User897","Test897","user897@example.com","555-01089","2021-03-13","Individual",827
898,"User898","Test898","user898@example.com","555-01089","2021-05-26","Individual",820
899,"User899","Test899","user899@example.com","555-01089","2021-03-09","Individual",552
900,"User900","Test900","user900@example.com","555-01090","2021-07-16","Individual",748
901,"User901","Test901","user901@example.com","555-01090","2020-03-06","Premium",654
902,"User902","Test902","user902@example.com","555-01090","2021-11-18","Premium",500
903,"User903","Test903","user903@example.com","555-01090","2021-12-17","Business",571
904,"User904","Test904","user904@example.com","555-01090","2022-02-11","Premium",598
905,"User905","Test905","user905@example.com","555-01090","2022-07-16","Individual",651
906,"User906","Test906","user906@example.com","555-01090","2020-11-01","Premium",571
907,"User907","Test907","user907@example.com","555-01090","2021-10-21","Business",673
908,"User908","Test908","user908@example.com","555-01090","2022-02-08","Business",709
909,"User909","Test909","user909@example.com","555-01090","2021-12-01","Business",631
910,"User910","Test910","user910@example.com","555-01091","2022-04-28","Business",706
911,"User911","Test911","user911@example.com","555-01091","2022-07-08","Premium",640
912,"User912","Test912","user912@example.com","555-01091","2021-07-18","Individual",640
913,"User913","Test913","user913@example.com","555-01091","2020-02-19","Business",531
914,"User914","Test914","user914@example.com","555-01091","2020-09-07","Business",569
915,"User915","Test915","user915@example.com","555-01091","2020-12-04","Business",590
916,"User916","Test916","user916@example.com","555-01091","2021-06-10","Premium",634
917,"User917","Test917","user917@example.com","555-01091","2022-02-03","Premium",650
918,"User918","Test918","user918@example.com","555-01091","2022-10-10","Individual",545
919,"User919","Test919","user919@example.com","555-01091","2022-03-15","Business",521
920,"User920","Test920","user920@example.com","555-01092","2020-01-04","Individual",820
921,"User921","Test921","user921@example.com","555-01092","2022-07-05","Business",709
922,"User922","Test922","user922@example.com","555-01092","2022-03-09","Business",838
923,"User923","Test923","user923@example.com","555-01092","2022-05-10","Individual",568
924,"User924","Test924","user924@example.com","555-01092","2022-08-23","Individual",545
925,"User925","Test925","user925@example.com","555-01092","2022-12-10","Business",795
926,"User926","Test926","user926@example.com","555-01092","2021-11-30","Business",593
927,"User927","Test927","user927@example.com","555-01092","2020-04-27","Business",564
928,"User928","Test928","user928@example.com","555-01092","2020-05-07","Business",533
929,"User929","Test929","user929@example.com","555-01092","2020-02-18","Business",795
930,"User930","Test930","user930@example.com","555-01093","2022-09-30","Business",682
931,"User931","Test931","user931@example.com","555-01093","2022-08-10","Individual",659
932,"User932","Test932","user932@example.com","555-01093","2022-10-26","Business",701
933,"User933","Test933","user933@example.com","555-01093","2020-12-01","Individual",658
934,"User934","Test934","user934@example.com","555-01093","2022-09-25","Premium",759
935,"User935","Test935","user935@example.com","555-01093","2021-04-02","Individual",579
936,"User936","Test936","user936@example.com","555-01093","2020-03-11","Premium",799
937,"User937","Test937","user937@example.com","555-01093","2021-01-04","Premium",677
938,"User938","Test938","user938@example.com","555-01093","2020-01-25","Individual",526
939,"User939","Test939","user939@example.com","555-01093","2022-08-22","Premium",629
940,"User940","Test940","user940@example.com","555-01094","2021-04-23","Business",599
941,"User941","Test941","user941@example.com","555-01094","2022-04-18","Premium",733
942,"User942","Test942","user942@example.com","555-01094","2020-04-26","Premium",796
943,"User943","Test943","user943@example.com","555-01094","2021-05-02","Premium",517
944,"User944","Test944","user944@example.com","555-01094","2020-10-22","Premium",507
945,"User945","Test945","user945@example.com","555-01094","2021-07-05","Premium",609
946,"User946","Test946","user946@example.com","555-01094","2021-02-06","Premium",666
947,"User947","Test947","user947@example.com","555-01094","2021-03-26","Individual",801
948,"User948","Test948","user948@example.com","555-01094","2021-08-27","Individual",503
949,"User949","Test949","user949@example.com","555-01094","2020-05-13","Premium",777
950,"User950","Test950","user950@example.com","555-01095","2022-02-13","Business",665
951,"User951","Test951","user951@example.com","555-01095","2021-08-22","Premium",688
952,"User952","Test952","user952@example.com","555-01095","2021-01-02","Business",629
953,"User953","Test953","user953@example.com","555-01095","2021-11-23","Business",835
954,"User954","Test954","user954@example.com","555-01095","2022-06-09","Individual",828
955,"User955","Test955","user955@example.com","555-01095","2021-02-15","Business",775
956,"User956","Test956","user956@example.com","555-01095","2022-09-22","Individual",768
957,"User957","Test957","user957@example.com","555-01095","2020-02-13","Individual",503
958,"User958","Test958","user958@example.com","555-01095","2020-10-30","Business",808
959,"User959","Test959","user959@example.com","555-01095","2022-03-18","Individual",604
960,"User960","Test960","user960@example.com","555-01096","2021-08-21","Individual",712
961,"User961","Test961","user961@example.com","555-01096","2020-08-09","Business",516
962,"User962","Test962","user962@example.com","555-01096","2020-10-30","Premium",543
963,"User963","Test963","user963@example.com","555-01096","2022-11-07","Business",687
964,"User964","Test964","user964@example.com","555-01096","2021-09-15","Business",816
965,"User965","Test965","user965@example.com","555-01096","2022-12-08","Individual",754
966,"User966","Test966","user966@example.com","555-01096","2021-06-29","Individual",534
967,"User967","Test967","user967@example.com","555-01096","2020-09-18","Individual",569
968,"User968","Test968","user968@example.com","555-01096","2021-04-26","Individual",830
969,"User969","Test969","user969@example.com","555-01096","2020-07-20","Business",510
970,"User970","Test970","user970@example.com","555-01097","2021-01-11","Business",812
971,"User971","Test971","user971@example.com","555-01097","2020-07-01","Premium",704
972,"User972","Test972","user972@example.com","555-01097","2020-10-17","Premium",796
973,"User973","Test973","user973@example.com","555-01097","2022-01-01","Business",673
974,"User974","Test974","user974@example.com","555-01097","2020-12-02","Individual",503
975,"User975","Test975","user975@example.com","555-01097","2021-04-06","Premium",727
976,"User976","Test976","user976@example.com","555-01097","2021-05-11","Individual",653
977,"User977","Test977","user977@example.com","555-01097","2021-09-23","Individual",689
978,"User978","Test978","user978@example.com","555-01097","2022-04-18","Individual",522
979,"User979","Test979","user979@example.com","555-01097","2020-04-28","Premium",507
980,"User980","Test980","user980@example.com","555-01098","2020-11-21","Premium",569
981,"User981","Test981","user981@example.com","555-01098","2021-04-01","Premium",722
982,"User982","Test982","user982@example.com","555-01098","2020-08-16","Individual",800
983,"User983","Test983","user983@example.com","555-01098","2021-01-17","Premium",784
984,"User984","Test984","user984@example.com","555-01098","2022-05-25","Business",554
985,"User985","Test985","user985@example.com","555-01098","2022-07-07","Business",676
986,"User986","Test986","user986@example.com","555-01098","2022-09-04","Individual",693
987,"User987","Test987","user987@example.com","555-01098","2021-08-03","Individual",755
988,"User988","Test988","user988@example.com","555-01098","2022-09-17","Business",775
989,"User989","Test989","user989@example.com","555-01098","2020-03-16","Individual",643
990,"User990","Test990","user990@example.com","555-01099","2022-06-10","Business",822
991,"User991","Test991","user991@example.com","555-01099","2021-07-12","Business",592
992,"User992","Test992","user992@example.com","555-01099","2022-02-26","Individual",814
993,"User993","Test993","user993@example.com","555-01099","2020-01-01","Business",849
994,"User994","Test994","user994@example.com","555-01099","2022-02-28","Individual",607
995,"User995","Test995","user995@example.com","555-01099","2020-06-23","Premium",717
996,"User996","Test996","user996@example.com","555-01099","2020-08-17","Individual",528
997,"User997","Test997","user997@example.com","555-01099","2020-09-28","Individual",648
998,"User998","Test998","user998@example.com","555-01099","2020-02-22","Individual",650
999,"User999","Test999","user999@example.com","555-01099","2021-12-26","Individual",655
1000,"User1000","Test1000","user1000@example.com","555-01010","2020-09-14","Business",636
